[{"Gamename":"Megaman Battlenetwork 4: RedSun","System":"GameboyAdvance","Vendor":"Capcom","Comment":"Cool","Rating":"100","Description":"Na","link":"Na"},{"Gamename":"Megaman Battlenetwork 4: BlueMoon","System":"GameboyAdvance","Vendor":"Capcom","Comment":"Na","Rating":"100","Description":"Dcc","link":"https:\/\/alceawis.de"},{"Gamename":"Tales of the Tempest","System":"NintendoDS","Vendor":"BandaiNamco","Comment":"Na","Rating":"Na","Description":"2006","link":"Na"},{"Gamename":"Tales of Innocence","System":"NintendoDS","Vendor":"BandaiNamco","Comment":"The only TalesOf I finished to date (2024\/01\/07). Loved the reveal trailer back in the days","Rating":"88","Description":"2007","link":"https:\/\/m.youtube.com\/watch?v=6m7P7IDg6SQ"},{"Gamename":"Metroid Prime Hunters","System":"NintendoDS","Vendor":"Nintendo","Comment":"Good FPS game. Multiplayer and Alt forms being the defining characteristic. Might be the best arena shooter ever","Rating":"90","Description":"Na","link":"Na"},{"Gamename":"Sonic Advance 3","System":"GameboyAdvance","Vendor":"Sega","Comment":"Best Sonic 2D Game ever. <3 Cream&Tails.","Rating":"90","Description":"Na","link":"Na"},{"Gamename":"The Sims Bustin out","System":"GameboyAdvance","Vendor":"EA","Comment":"Great Sims Game. Very Fun and cozy","Rating":"89","Description":"Na","link":"https:\/\/m.youtube.com\/watch?v=RsB6glqZIx0"},{"Gamename":"Urbz Sims in the City","System":"GameboyAdvance","Vendor":"EA","Comment":"Great Sims Game. Adds new features ontop of what BustinOut did. Weaker dialogue system.","Rating":"83","Description":"Na","link":"https:\/\/m.youtube.com\/watch?v=RsB6glqZIx0"},{"Gamename":"Kingdom Hearts 358\\2 Days","System":"NintendoDS","Vendor":"SquareEnix","Comment":"Excellent KH game. With excellent multiplayer. Might have the best story of any KH game","Rating":"95","Description":"Na","link":"Na"},{"Gamename":"Castlevania Order of Ecclesia","System":"NintendoDS","Vendor":"Konami","Comment":"Final good CV entry","Rating":"94","Description":"nA","link":"nA"},{"Gamename":"Kingdom Hearts III & Re:Mind","System":"PC","Vendor":"SquareEnix","Comment":"ProjectImaginary number and Mods make it \"ok\"","Rating":"69","Description":"2019","link":"nA"},{"Gamename":"Kingdom Hearts II FM","System":"PS2","Vendor":"SquareEnix","Comment":"Excellent Game","Rating":"93","Description":"2005","link":"nA"}]