{"response":{"game_count":6,"games":[{"appid":550,"name":"Left 4 Dead 2","playtime_forever":6,"img_icon_url":"7d5a243f9500d2f8467312822f8af2a2928777ed","has_community_visible_stats":true,"playtime_windows_forever":6,"playtime_mac_forever":0,"playtime_linux_forever":0,"rtime_last_played":1614628485,"content_descriptorids":[2,5],"playtime_disconnected":0},{"appid":292120,"name":"FINAL FANTASY XIII","playtime_2weeks":12,"playtime_forever":12,"img_icon_url":"83c929d4965963f6e0bc17969a2599e7829ac23d","has_community_visible_stats":true,"playtime_windows_forever":0,"playtime_mac_forever":0,"playtime_linux_forever":12,"rtime_last_played":1703510166,"playtime_disconnected":0},{"appid":429660,"name":"Tales of Berseria","playtime_forever":45,"img_icon_url":"bc14b91107afcf731e5c324e3f1ef83098d8a8fa","has_community_visible_stats":true,"playtime_windows_forever":0,"playtime_mac_forever":0,"playtime_linux_forever":45,"rtime_last_played":1701460880,"playtime_disconnected":0},{"appid":1172470,"name":"Apex Legends","playtime_forever":10,"img_icon_url":"070902d2389878ac4bf29efb5b92832c60bdf24e","has_community_visible_stats":true,"playtime_windows_forever":10,"playtime_mac_forever":0,"playtime_linux_forever":0,"rtime_last_played":1624474018,"playtime_disconnected":0},{"appid":1328670,"name":"Mass Effect\u2122 Legendary Edition","playtime_forever":0,"img_icon_url":"443ed7dba43882ef4298f8ed15bf67f323461e14","has_community_visible_stats":true,"playtime_windows_forever":0,"playtime_mac_forever":0,"playtime_linux_forever":0,"rtime_last_played":0,"content_descriptorids":[1,2,5],"playtime_disconnected":0},{"appid":1462040,"name":"FINAL FANTASY VII REMAKE INTERGRADE","playtime_forever":1,"img_icon_url":"3cf19bc8fa3bc953d68a9b46b0a7555839188da0","has_community_visible_stats":true,"playtime_windows_forever":0,"playtime_mac_forever":0,"playtime_linux_forever":1,"rtime_last_played":1700899646,"playtime_disconnected":0}]}}